-- changeset sardor:init-seed-data
INSERT INTO cities(id, name)
values (1, 'Санкт-Петербург'),
       (2, 'Москва');

INSERT INTO stations(id, name, city_id)
values (1, 'Удельная', 1),
       (2, 'Пионерская', 1),
       (3, 'Озерки', 1),
       (4, 'Петроградская', 1),
       (5, 'Автово', 1),
       (6, 'Комендантский проспект', 1),
       (7, 'Площадь Мужества', 1),
       (8, 'Ленинский проспект', 1),
       (9, 'Рыбацкое', 1),
       (10, 'Беговая', 1);

INSERT INTO playgrounds(id,
                        name,
                        city_id,
                        address,
                        ground_type,
                        game_type,
                        surface_type,
                        max_players,
                        length,
                        width,
                        height,
                        locker_room,
                        stands,
                        shower,
                        lighting,
                        parking_space,
                        description)
values (1,
        'Озерки Арена',
        1,
        'пр-т М. Тореза, д. 71а',
        'INDOOR',
        'football',
        'ARTIFICIAL',
        10,
        40,
        20,
        NULL,
        true, true, true, true, true,
        'очень круто приходите'),
       (2,
        'Футстарт Арена',
        1,
        'ул. Маршала Казакова, 35',
        'INDOOR',
        'football',
        'ARTIFICIAL',
        20,
        40,
        20,
        8,
        true, true, false, true, true,
        'очень круто приходите'),
       (3,
        'Маршал Арена',
        1,
        'ул. Автобусная д.4 к2',
        'INDOOR',
        'football',
        'ARTIFICIAL',
        25,
        40,
        20,
        8,
        true, false, true, true, true,
        'очень круто приходите'),
       (4,
        'Озерки Арена Поле №2',
        1,
        'пр-т М. Тореза, д. 71а',
        'INDOOR',
        'football',
        'ARTIFICIAL',
        25,
        38,
        22,
        9,
        true, false, true, true, true,
        'очень круто приходите'),
       (5,
        'Метрострой',
        1,
        'Левашовский пр., 11, к.7',
        'INDOOR',
        'football',
        'ARTIFICIAL',
        25,
        38,
        20,
        NULL,
        true, false, true, true, true,
        'очень круто приходите');

INSERT INTO playgrounds_stations(playground_id, station_id)
values (1, 2),
       (1, 4),
       (2, 4),
       (2, 5),
       (3, 1),
       (3, 5),
       (4, 7),
       (4, 8),
       (5, 9);

INSERT INTO sessions (starts_at, status, booking_price, playground_id)
VALUES ('2025-04-29 13:00:00+00', 'ACTIVE', 300, 1),
       ('2025-04-29 15:00:00+00', 'ACTIVE', 400, 1),
       ('2025-04-29 17:00:00+00', 'ACTIVE', 200, 1),
       ('2025-04-29 19:00:00+00', 'ACTIVE', 100, 1),
       ('2025-04-29 21:00:00+00', 'ACTIVE', 500, 1),
       ('2025-04-30 13:00:00+00', 'ACTIVE', 100, 1),
       ('2025-04-30 15:00:00+00', 'ACTIVE', 300, 1),
       ('2025-04-30 17:00:00+00', 'ACTIVE', 200, 1),
       ('2025-04-30 19:00:00+00', 'ACTIVE', 400, 1),
       ('2025-04-30 21:00:00+00', 'ACTIVE', 500, 1);

INSERT INTO users (firstname, lastname, birth_date, balance, username, password, role)
VALUES ('Иван', 'Иванов', '1985-05-15', 2000, 'ivan.ivanov1', MD5('password1'), 'USER'),
       ('Дмитрий', 'Петров', '1990-03-10', 500, 'dmitry.petrov2', MD5('password2'), 'USER'),
       ('Алексей', 'Сидоров', '1982-12-20', 3000, 'alexei.sidorov3', MD5('password3'), 'USER'),
       ('Сергей', 'Смирнов', '1995-07-07', 200, 'sergey.smirnov4', MD5('password4'), 'USER'),
       ('Владимир', 'Кузнецов', '1988-11-12', 4000, 'vladimir.kuznetsov5', MD5('password5'), 'USER'),
       ('Николай', 'Попов', '1992-04-18', 1000, 'nikolay.popov6', MD5('password6'), 'USER'),
       ('Михаил', 'Васильев', '1983-09-25', 5000, 'mikhail.vasilev7', MD5('password7'), 'USER'),
       ('Андрей', 'Новиков', '1987-01-30', 800, 'andrey.novikov8', MD5('password8'), 'USER'),
       ('Юрий', 'Морозов', '1991-06-05', 900, 'yuri.morozov9', MD5('password9'), 'USER'),
       ('Олег', 'Фёдоров', '1984-10-15', 1000, 'oleg.fedorov10', MD5('password10'), 'USER'),
       ('Роман', 'Михайлов', '1993-02-22', 1500, 'roman.mikhailov11', MD5('password11'), 'USER'),
       ('Вадим', 'Беляев', '1986-08-08', 250, 'vadim.belyaev12', MD5('password12'), 'USER'),
       ('Борис', 'Тарасов', '1980-03-14', 3050, 'boris.tarasov13', MD5('password13'), 'USER'),
       ('Павел', 'Белов', '1994-05-09', 4050, 'pavel.belov14', MD5('password14'), 'USER'),
       ('Григорий', 'Зайцев', '1989-12-19', 550, 'grigory.zaitsev15', MD5('password15'), 'USER'),
       ('Константин', 'Колесников', '1981-09-11', 650, 'konstantin.kolesnikov16', MD5('password16'), 'USER'),
       ('Егор', 'Семёнов', '1990-07-29', 750, 'egor.semyonov17', MD5('password17'), 'USER'),
       ('Виктор', 'Степанов', '1985-02-06', 850, 'victor.stepanov18', MD5('password18'), 'USER'),
       ('Максим', 'Николаев', '1987-11-17', 950, 'maxim.nikolaev19', MD5('password19'), 'USER'),
       ('Артем', 'Марков', '1992-03-03', 1000, 'artem.markov20', MD5('password20'), 'USER'),
       ('Илья', 'Соболев', '1993-05-21', 1000, 'ilya.sobolev21', MD5('password21'), 'USER'),
       ('Антон', 'Орлов', '1988-07-15', 1200, 'anton.orlov22', MD5('password22'), 'USER'),
       ('Геннадий', 'Крылов', '1982-08-19', 200, 'gennadiy.krylov23', MD5('password23'), 'USER'),
       ('Степан', 'Карпов', '1994-09-14', 1400, 'stepan.karpov24', MD5('password24'), 'USER');


